"paper","software","citation","citation_index","software_citation_type"
"https://www.ncbi.nlm.nih.gov/pmc/articles/PMC1274293","NovoSNP","[17]",1,"Software_Article"
"https://www.ncbi.nlm.nih.gov/pmc/articles/PMC1283974","Mindboggle","[63,85]",2,"Direct"
"https://www.ncbi.nlm.nih.gov/pmc/articles/PMC1283974","Mindboggle","[63,85]",1,"Software_Article"
"https://www.ncbi.nlm.nih.gov/pmc/articles/PMC1388242","WPS","[63]",1,"Website"
"https://www.ncbi.nlm.nih.gov/pmc/articles/PMC2134966","DS ViewerPro","[42]",1,"Direct"
"https://www.ncbi.nlm.nih.gov/pmc/articles/PMC2134966","ConSurf-HSSP","[45]",1,"Software_Article"
"https://www.ncbi.nlm.nih.gov/pmc/articles/PMC2134966","SHARP2","[46]",1,"Software_Article"
"https://www.ncbi.nlm.nih.gov/pmc/articles/PMC2500018","ImageJ","[20]",1,"Website"
"https://www.ncbi.nlm.nih.gov/pmc/articles/PMC2644762","PLINK","[45]",1,"Software_Article"
"https://www.ncbi.nlm.nih.gov/pmc/articles/PMC2731885","ADMIXMAP","[72]",1,"Software_Article"
"https://www.ncbi.nlm.nih.gov/pmc/articles/PMC2731885","Structure","[71]",1,"Software_Article"
"https://www.ncbi.nlm.nih.gov/pmc/articles/PMC2953514","Mplus","[43]",1,"Manual"
"https://www.ncbi.nlm.nih.gov/pmc/articles/PMC2953514","AmeliaView","[44]",1,"Software_Article"
"https://www.ncbi.nlm.nih.gov/pmc/articles/PMC2987837","GRIMP","[20]",1,"Software_Article"
"https://www.ncbi.nlm.nih.gov/pmc/articles/PMC2987837","PLINK","[21]",1,"Software_Article"
"https://www.ncbi.nlm.nih.gov/pmc/articles/PMC3108597","BLAST","[40]",1,"Software_Article"
"https://www.ncbi.nlm.nih.gov/pmc/articles/PMC3120364","ORTEP","Farrugia, 1997",1,"Software_Article"
"https://www.ncbi.nlm.nih.gov/pmc/articles/PMC3120364","PLATON","Spek, 2009",1,"Software_Article"
"https://www.ncbi.nlm.nih.gov/pmc/articles/PMC3120364","SHELXS","Sheldrick, 2008",1,"Software_Article"
"https://www.ncbi.nlm.nih.gov/pmc/articles/PMC3120364","CrystalClear","Rigaku, 2005",1,"Direct"
"https://www.ncbi.nlm.nih.gov/pmc/articles/PMC3120364","SHELXL","Sheldrick, 2008",1,"Software_Article"
"https://www.ncbi.nlm.nih.gov/pmc/articles/PMC3173492","NLTK","[11]",1,"Book"
"https://www.ncbi.nlm.nih.gov/pmc/articles/PMC3237560","SAS","[70]",1,"Manual"
"https://www.ncbi.nlm.nih.gov/pmc/articles/PMC3280956","Chemistry Development Kit","[23], [24]",1,"Software_Article"
"https://www.ncbi.nlm.nih.gov/pmc/articles/PMC3280956","Chemistry Development Kit","[23], [24]",2,"Software_Article"
"https://www.ncbi.nlm.nih.gov/pmc/articles/PMC3281128","REGRESSIONv2.m","[54]",1,"Software_Article"
"https://www.ncbi.nlm.nih.gov/pmc/articles/PMC3283723","Network","[91]",1,"Software_Article"
"https://www.ncbi.nlm.nih.gov/pmc/articles/PMC3283723","Arlequin","[72]",1,"Direct"
"https://www.ncbi.nlm.nih.gov/pmc/articles/PMC3289918","glmnet","Friedman et al., 2010",1,"Software_Article"
"https://www.ncbi.nlm.nih.gov/pmc/articles/PMC3293852","Praat","[39]",1,"Direct"
"https://www.ncbi.nlm.nih.gov/pmc/articles/PMC3293852","STRAIGHT","[36]",1,"Software_Article"
"https://www.ncbi.nlm.nih.gov/pmc/articles/PMC3299741","MSAProbs","[4]",1,"Software_Article"
"https://www.ncbi.nlm.nih.gov/pmc/articles/PMC3310436","metareg","[44]",1,"Software_Article"
"https://www.ncbi.nlm.nih.gov/pmc/articles/PMC3314648","OpenEpi","[25]",1,"Direct"
"https://www.ncbi.nlm.nih.gov/pmc/articles/PMC3338667","PyroTagger","[13]",1,"Software_Article"
"https://www.ncbi.nlm.nih.gov/pmc/articles/PMC3338667","PCORD","[19]",1,"Direct"
"https://www.ncbi.nlm.nih.gov/pmc/articles/PMC3338667","DNAsp","[29]",1,"Software_Article"
"https://www.ncbi.nlm.nih.gov/pmc/articles/PMC3338667","Geneious","[26]",1,"Direct"
"https://www.ncbi.nlm.nih.gov/pmc/articles/PMC3338667","EstimateS","[14]",1,"Direct"
"https://www.ncbi.nlm.nih.gov/pmc/articles/PMC3338667","RDP Classifier","[25]",1,"Software_Article"
"https://www.ncbi.nlm.nih.gov/pmc/articles/PMC3338667","MEGA","[28]",1,"Software_Article"
"https://www.ncbi.nlm.nih.gov/pmc/articles/PMC3341400","Psychophysics Toolbox","[36]",1,"Software_Article"
"https://www.ncbi.nlm.nih.gov/pmc/articles/PMC3397979","Pickatlas","[31]",1,"Software_Article"
"https://www.ncbi.nlm.nih.gov/pmc/articles/PMC3397979","Marsbar","[24]",1,"Software_Article"
"https://www.ncbi.nlm.nih.gov/pmc/articles/PMC3406004","ADAPT","[44]",1,"Manual"
"https://www.ncbi.nlm.nih.gov/pmc/articles/PMC3431302","qxpak","[55]",1,"Software_Article"
"https://www.ncbi.nlm.nih.gov/pmc/articles/PMC3431302","R/Qtl","[56]",1,"Software_Article"
"https://www.ncbi.nlm.nih.gov/pmc/articles/PMC3445547","web service","[44]",1,"Website"
"https://www.ncbi.nlm.nih.gov/pmc/articles/PMC3459919","Birdseye","[21]",1,"Software_Article"
"https://www.ncbi.nlm.nih.gov/pmc/articles/PMC3459919","PLINK","[20]",1,"Software_Article"
"https://www.ncbi.nlm.nih.gov/pmc/articles/PMC3460928","Aninhado","[3]",1,"Software_Article"
"https://www.ncbi.nlm.nih.gov/pmc/articles/PMC3460928","netcarto","[5]",1,"Software_Article"
"https://www.ncbi.nlm.nih.gov/pmc/articles/PMC3460928","Pajek","[42]",1,"Book"
"https://www.ncbi.nlm.nih.gov/pmc/articles/PMC3460928","bipartite","[48]",1,"Software_Article"
"https://www.ncbi.nlm.nih.gov/pmc/articles/PMC3467035","Bioconductor","[31]",1,"Software_Article"
"https://www.ncbi.nlm.nih.gov/pmc/articles/PMC3485250","PAUP","[41]",1,"Direct"
"https://www.ncbi.nlm.nih.gov/pmc/articles/PMC3485250","BEAST","[46]",1,"Software_Article"
"https://www.ncbi.nlm.nih.gov/pmc/articles/PMC3485250","TRACER","[54]",1,"Direct"
"https://www.ncbi.nlm.nih.gov/pmc/articles/PMC3485250","GENELAND","[60]",1,"Software_Article"
"https://www.ncbi.nlm.nih.gov/pmc/articles/PMC3485250","VIP","[63]",1,"Software_Article"
"https://www.ncbi.nlm.nih.gov/pmc/articles/PMC3485250","LAGRANGE","[64]",1,"Software_Article"
"https://www.ncbi.nlm.nih.gov/pmc/articles/PMC3485250","FREENA","[56]",1,"Software_Article"
"https://www.ncbi.nlm.nih.gov/pmc/articles/PMC3485250","DIYABC","[66]",1,"Software_Article"
"https://www.ncbi.nlm.nih.gov/pmc/articles/PMC3485250","BIOEDIT","[32]",1,"Software_Article"
"https://www.ncbi.nlm.nih.gov/pmc/articles/PMC3485250","ARLEQUIN","[33]",1,"Software_Article"
"https://www.ncbi.nlm.nih.gov/pmc/articles/PMC3485250","PHASE","[34]",1,"Software_Article"
"https://www.ncbi.nlm.nih.gov/pmc/articles/PMC3485250","SPLITSTREE","[35]",1,"Software_Article"
"https://www.ncbi.nlm.nih.gov/pmc/articles/PMC3485250","Datamonkey","[37]",1,"Software_Article"
"https://www.ncbi.nlm.nih.gov/pmc/articles/PMC3485250","MODELTEST","[38]",1,"Software_Article"
"https://www.ncbi.nlm.nih.gov/pmc/articles/PMC3485250","PhyML","[39]",1,"Software_Article"
"https://www.ncbi.nlm.nih.gov/pmc/articles/PMC3485250","MRBAYES","[40]",1,"Software_Article"
"https://www.ncbi.nlm.nih.gov/pmc/articles/PMC3485250","NETWORK","[42]",1,"Software_Article"
"https://www.ncbi.nlm.nih.gov/pmc/articles/PMC3485250","GENEPOP","[43]",1,"Software_Article"
"https://www.ncbi.nlm.nih.gov/pmc/articles/PMC3485250","MEGA","[44]",1,"Software_Article"
"https://www.ncbi.nlm.nih.gov/pmc/articles/PMC3485250","FSTAT","[55]",1,"Direct"
"https://www.ncbi.nlm.nih.gov/pmc/articles/PMC3485250","MICRO-CHECKER","[57]",1,"Software_Article"
"https://www.ncbi.nlm.nih.gov/pmc/articles/PMC3485250","STRUCTURE","[58]",1,"Software_Article"
"https://www.ncbi.nlm.nih.gov/pmc/articles/PMC3485250","CLUMPP","[59]",1,"Software_Article"
"https://www.ncbi.nlm.nih.gov/pmc/articles/PMC3485250","DISTRUCT","[61]",1,"Software_Article"
"https://www.ncbi.nlm.nih.gov/pmc/articles/PMC3485250","SPAGeDI","[62]",1,"Software_Article"
"https://www.ncbi.nlm.nih.gov/pmc/articles/PMC3485322","Cytoscape","[19]",1,"Software_Article"
"https://www.ncbi.nlm.nih.gov/pmc/articles/PMC3494716","BioEdit","[30]",1,"Software_Article"
"https://www.ncbi.nlm.nih.gov/pmc/articles/PMC3494716","Arlequín","[60]",1,"Software_Article"
"https://www.ncbi.nlm.nih.gov/pmc/articles/PMC3498108","Anatomy atlas","[51]",1,"Software_Article"
"https://www.ncbi.nlm.nih.gov/pmc/articles/PMC3507871","STATA","[44]",1,"Direct"
"https://www.ncbi.nlm.nih.gov/pmc/articles/PMC3509097","MEGA","[4]",1,"Software_Article"
"https://www.ncbi.nlm.nih.gov/pmc/articles/PMC3509157","OntoFox","[16]",1,"Software_Article"
"https://www.ncbi.nlm.nih.gov/pmc/articles/PMC3515589","FSL","[25]",1,"Software_Article"
"https://www.ncbi.nlm.nih.gov/pmc/articles/PMC3515589","FSL","[26]",1,"Software_Article"
"https://www.ncbi.nlm.nih.gov/pmc/articles/PMC3515589","FSL","[39]",1,"Software_Article"
"https://www.ncbi.nlm.nih.gov/pmc/articles/PMC3528761","CIMSiM","[49]",1,"Software_Article"
"https://www.ncbi.nlm.nih.gov/pmc/articles/PMC3528761","Skeeter Buster","[16]",1,"Software_Article"
"https://www.ncbi.nlm.nih.gov/pmc/articles/PMC3530491","EEGlab","[49]",1,"Software_Article"
"https://www.ncbi.nlm.nih.gov/pmc/articles/PMC3536769","tnet","[21]",1,"Book"
"https://www.ncbi.nlm.nih.gov/pmc/articles/PMC3536769","MATLAB","[23]",1,"Direct"
"https://www.ncbi.nlm.nih.gov/pmc/articles/PMC3541387","SPSS Statistics","[37]",1,"Direct"
"https://www.ncbi.nlm.nih.gov/pmc/articles/PMC3549981","WinEpiscope","[39]",1,"Software_Article"
"https://www.ncbi.nlm.nih.gov/pmc/articles/PMC3561195","SAS","[45]",1,"Direct"
"https://www.ncbi.nlm.nih.gov/pmc/articles/PMC3561353","FAP","[59]",1,"Software_Article"
"https://www.ncbi.nlm.nih.gov/pmc/articles/PMC3561353","MCMCglmm","[74]",1,"Software_Article"
"https://www.ncbi.nlm.nih.gov/pmc/articles/PMC3561353","lme4","[72]",1,"Direct"
"https://www.ncbi.nlm.nih.gov/pmc/articles/PMC3561353","car","[73]",1,"Book"
"https://www.ncbi.nlm.nih.gov/pmc/articles/PMC3566204","BLAST","[40]",1,"Software_Article"
"https://www.ncbi.nlm.nih.gov/pmc/articles/PMC3566204","MEGA","[41]",1,"Software_Article"
"https://www.ncbi.nlm.nih.gov/pmc/articles/PMC3566204","genemapper","[42]",1,"Software_Article"
"https://www.ncbi.nlm.nih.gov/pmc/articles/PMC3566204","Tracer","[59]",1,"Direct"
"https://www.ncbi.nlm.nih.gov/pmc/articles/PMC3566204","LogCombiner","[54]",1,"Software_Article"
"https://www.ncbi.nlm.nih.gov/pmc/articles/PMC3566204","TreeAnnotator","[54]",1,"Software_Article"
"https://www.ncbi.nlm.nih.gov/pmc/articles/PMC3566204","convert","[61]",1,"Software_Article"
"https://www.ncbi.nlm.nih.gov/pmc/articles/PMC3566204","GenePop","[62]",1,"Software_Article"
"https://www.ncbi.nlm.nih.gov/pmc/articles/PMC3566204","Fstat","[63]",1,"Direct"
"https://www.ncbi.nlm.nih.gov/pmc/articles/PMC3566204","Bottleneck","[65]",1,"Software_Article"
"https://www.ncbi.nlm.nih.gov/pmc/articles/PMC3566204","Geneland","[72]",1,"Software_Article"
"https://www.ncbi.nlm.nih.gov/pmc/articles/PMC3566204","Geneland","[73]",1,"Software_Article"
"https://www.ncbi.nlm.nih.gov/pmc/articles/PMC3566204","Geneland","[74]",1,"Software_Article"
"https://www.ncbi.nlm.nih.gov/pmc/articles/PMC3566204","migrate","[78]",1,"Software_Article"
"https://www.ncbi.nlm.nih.gov/pmc/articles/PMC3566204","Clustal W","[43]",1,"Software_Article"
"https://www.ncbi.nlm.nih.gov/pmc/articles/PMC3566204","DnaSP","[44]",1,"Software_Article"
"https://www.ncbi.nlm.nih.gov/pmc/articles/PMC3566204","PAUP*","[45]",1,"Direct"
"https://www.ncbi.nlm.nih.gov/pmc/articles/PMC3566204","MrBayes","[49]",1,"Software_Article"
"https://www.ncbi.nlm.nih.gov/pmc/articles/PMC3566204","Modeltest","[50]",1,"Software_Article"
"https://www.ncbi.nlm.nih.gov/pmc/articles/PMC3566204","Arlequin","[51]",1,"Software_Article"
"https://www.ncbi.nlm.nih.gov/pmc/articles/PMC3566204","IBDWS","[52]",1,"Software_Article"
"https://www.ncbi.nlm.nih.gov/pmc/articles/PMC3566204","beast","[57]",1,"Software_Article"
"https://www.ncbi.nlm.nih.gov/pmc/articles/PMC3566204","Fig Tree","[60]",1,"Direct"
"https://www.ncbi.nlm.nih.gov/pmc/articles/PMC3591425","STATA","[28]",1,"Direct"
"https://www.ncbi.nlm.nih.gov/pmc/articles/PMC3591454","Brain Connectivity Toolbox","[17]",1,"Software_Article"
"https://www.ncbi.nlm.nih.gov/pmc/articles/PMC3603876","GeNorm","[38]",1,"Software_Article"
"https://www.ncbi.nlm.nih.gov/pmc/articles/PMC3660607","SAS","[30]",1,"Direct"
"https://www.ncbi.nlm.nih.gov/pmc/articles/PMC3660607","SUDAAN","[31]",1,"Direct"
"https://www.ncbi.nlm.nih.gov/pmc/articles/PMC3661540","SPSS","[42]",1,"Direct"
"https://www.ncbi.nlm.nih.gov/pmc/articles/PMC3699512","R","[31]",1,"Manual"
"https://www.ncbi.nlm.nih.gov/pmc/articles/PMC3701628","G*Power","[21]",1,"Software_Article"
"https://www.ncbi.nlm.nih.gov/pmc/articles/PMC3762848","Stata","[52]",1,"Direct"
"https://www.ncbi.nlm.nih.gov/pmc/articles/PMC3790745","MAXQDA","[37]",1,"Direct"
"https://www.ncbi.nlm.nih.gov/pmc/articles/PMC3798718","R","[50]",1,"Direct"
"https://www.ncbi.nlm.nih.gov/pmc/articles/PMC3835884","EEGLAB","[31]",1,"Software_Article"
"https://www.ncbi.nlm.nih.gov/pmc/articles/PMC3885438","R","[20]",1,"Website"
"https://www.ncbi.nlm.nih.gov/pmc/articles/PMC3885597","geo-spatial modeling environment","[41]",1,"Direct"
"https://www.ncbi.nlm.nih.gov/pmc/articles/PMC3885597","Fragstats","[42]",1,"Software_Article"
"https://www.ncbi.nlm.nih.gov/pmc/articles/PMC3903501","R","[44]",1,"Manual"
"https://www.ncbi.nlm.nih.gov/pmc/articles/PMC3906048","get_totals","[77]",1,"Direct"
"https://www.ncbi.nlm.nih.gov/pmc/articles/PMC3907024","V-Phaser","[12]",1,"Software_Article"
"https://www.ncbi.nlm.nih.gov/pmc/articles/PMC3914947","R","[42]",1,"Direct"
"https://www.ncbi.nlm.nih.gov/pmc/articles/PMC3921218","STATA","[18]",1,"Direct"
"https://www.ncbi.nlm.nih.gov/pmc/articles/PMC3925163","Diffeomorphic Anatomical Registration Through Exponentiated Lie Algebra","[26]",1,"Software_Article"
"https://www.ncbi.nlm.nih.gov/pmc/articles/PMC3944928","EstimateS","[11]",1,"Direct"
"https://www.ncbi.nlm.nih.gov/pmc/articles/PMC3944928","R","[10]",1,"Manual"
"https://www.ncbi.nlm.nih.gov/pmc/articles/PMC3954845","Fieldmap","[32]",1,"Software_Article"
"https://www.ncbi.nlm.nih.gov/pmc/articles/PMC3961335","Psychtoolbox","[57]",1,"Software_Article"
"https://www.ncbi.nlm.nih.gov/pmc/articles/PMC3961335","Psychtoolbox","[58]",1,"Software_Article"
"https://www.ncbi.nlm.nih.gov/pmc/articles/PMC3968891","R","[9]",1,"Manual"
"https://www.ncbi.nlm.nih.gov/pmc/articles/PMC3977835","Maxent","[31]",1,"Software_Article"
"https://www.ncbi.nlm.nih.gov/pmc/articles/PMC3977835","Maxent","[32]",1,"Software_Article"
"https://www.ncbi.nlm.nih.gov/pmc/articles/PMC3977835","Hawth's analysis tools for ArcGis","[46]",1,"Direct"
"https://www.ncbi.nlm.nih.gov/pmc/articles/PMC3985171","Bayesian Evolutionary Analysis by Sampling Trees","[1], [2]",1,"Software_Article"
"https://www.ncbi.nlm.nih.gov/pmc/articles/PMC3985171","Bayesian Evolutionary Analysis by Sampling Trees","[1], [2]",2,"Software_Article"
"https://www.ncbi.nlm.nih.gov/pmc/articles/PMC4055700","MLwiN","[37]",1,"Software_Article"
"https://www.ncbi.nlm.nih.gov/pmc/articles/PMC4072059","FLIRT","Jenkinson and Smith 2001",1,"Software_Article"
"https://www.ncbi.nlm.nih.gov/pmc/articles/PMC4079667","adjustedRandIndex","[58]",1,"Software_Article"
"https://www.ncbi.nlm.nih.gov/pmc/articles/PMC4079667","adjustedRandIndex","[59]",1,"Software_Article"
"https://www.ncbi.nlm.nih.gov/pmc/articles/PMC4079667","lmer","[60]",1,"Direct"
"https://www.ncbi.nlm.nih.gov/pmc/articles/PMC4079667","Brain Connectivity Toolbox","[49]",1,"Software_Article"
"https://www.ncbi.nlm.nih.gov/pmc/articles/PMC4079667","Mixer","[24]",1,"Software_Article"
"https://www.ncbi.nlm.nih.gov/pmc/articles/PMC4079667","Mixer","[39]–[41]",1,"Software_Article"
"https://www.ncbi.nlm.nih.gov/pmc/articles/PMC4079667","Mixer","[39]–[41]",2,"Software_Article"
"https://www.ncbi.nlm.nih.gov/pmc/articles/PMC4079667","Mixer","[39]–[41]",3,"Software_Article"
"https://www.ncbi.nlm.nih.gov/pmc/articles/PMC4091876","R","[34]",1,"Manual"
"https://www.ncbi.nlm.nih.gov/pmc/articles/PMC4103818","Praat","[44]",1,"Direct"
"https://www.ncbi.nlm.nih.gov/pmc/articles/PMC4117474","Stata","[44]",1,"Direct"
"https://www.ncbi.nlm.nih.gov/pmc/articles/PMC4125212","PGA","[45]",1,"Software_Article"
"https://www.ncbi.nlm.nih.gov/pmc/articles/PMC4125212","Haploview","[41]",1,"Software_Article"
"https://www.ncbi.nlm.nih.gov/pmc/articles/PMC4125212","2LD","[42]",1,"Software_Article"
"https://www.ncbi.nlm.nih.gov/pmc/articles/PMC4146461","R","[43]",1,"Manual"
"https://www.ncbi.nlm.nih.gov/pmc/articles/PMC4161331","runmlwin","[30]",1,"Direct"
"https://www.ncbi.nlm.nih.gov/pmc/articles/PMC4168004","Stata","[16]",1,"Direct"
"https://www.ncbi.nlm.nih.gov/pmc/articles/PMC4169449","MEGA","[34]",1,"Software_Article"
"https://www.ncbi.nlm.nih.gov/pmc/articles/PMC4169449","Patch Analyst","[39]",1,"Direct"
"https://www.ncbi.nlm.nih.gov/pmc/articles/PMC4186879","LAN toolbox","[26]",1,"Software_Article"
"https://www.ncbi.nlm.nih.gov/pmc/articles/PMC4186879","BrainStorm","[27]",1,"Software_Article"
"https://www.ncbi.nlm.nih.gov/pmc/articles/PMC4186879","openMEEG","[28]",1,"Software_Article"
"https://www.ncbi.nlm.nih.gov/pmc/articles/PMC4190082","Software Package for Statistical Analysis","[24]",1,"Direct"
"https://www.ncbi.nlm.nih.gov/pmc/articles/PMC4205118","MLwiN","[35]",1,"Direct"
"https://www.ncbi.nlm.nih.gov/pmc/articles/PMC4319918","Habit 2000","[35]",1,"Direct"
"https://www.ncbi.nlm.nih.gov/pmc/articles/PMC4319918","VPixx","[34]",1,"Direct"
"https://www.ncbi.nlm.nih.gov/pmc/articles/PMC4319918","TouchStat","[41]",1,"Software_Article"
"https://www.ncbi.nlm.nih.gov/pmc/articles/PMC4332634","R","[48]",1,"Manual"
"https://www.ncbi.nlm.nih.gov/pmc/articles/PMC4335048","SAS","[21]",1,"Manual"
"https://www.ncbi.nlm.nih.gov/pmc/articles/PMC4356596","SUNDIALS","[69]",1,"Software_Article"
"https://www.ncbi.nlm.nih.gov/pmc/articles/PMC4356596","RuleBender","[70]",1,"Software_Article"
"https://www.ncbi.nlm.nih.gov/pmc/articles/PMC4356596","BioNetGen","[53]",1,"Software_Article"
"https://www.ncbi.nlm.nih.gov/pmc/articles/PMC4366215","JAGS","[43]",1,"Software_Article"
"https://www.ncbi.nlm.nih.gov/pmc/articles/PMC4366215","R","[44]",1,"Manual"
"https://www.ncbi.nlm.nih.gov/pmc/articles/PMC4373781","PRTools","[57]",1,"Book"
"https://www.ncbi.nlm.nih.gov/pmc/articles/PMC4383374","Cervus","[49, 50]",2,"Software_Article"
"https://www.ncbi.nlm.nih.gov/pmc/articles/PMC4383374","Cervus","[49, 50]",1,"Software_Article"
"https://www.ncbi.nlm.nih.gov/pmc/articles/PMC4383374","COLONY","[51]",1,"Software_Article"
"https://www.ncbi.nlm.nih.gov/pmc/articles/PMC4390308","Twitter","[44]",1,"Manual"
"https://www.ncbi.nlm.nih.gov/pmc/articles/PMC4398325","blast","[36]",1,"Software_Article"
"https://www.ncbi.nlm.nih.gov/pmc/articles/PMC4398396","ggplot2","[32]",1,"Book"
"https://www.ncbi.nlm.nih.gov/pmc/articles/PMC4423990","SPSS","[33]",1,"Direct"
"https://www.ncbi.nlm.nih.gov/pmc/articles/PMC4436225","Land Cover Classification System","[21]",1,"Software_Article"
"https://www.ncbi.nlm.nih.gov/pmc/articles/PMC4440738","Stan","[78]",1,"Direct"
"https://www.ncbi.nlm.nih.gov/pmc/articles/PMC4440738","map2stan","[79]",1,"Direct"
"https://www.ncbi.nlm.nih.gov/pmc/articles/PMC4451079","Stata","[52]",1,"Direct"
"https://www.ncbi.nlm.nih.gov/pmc/articles/PMC4460128","GENEPOP","[12]",1,"Software_Article"
"https://www.ncbi.nlm.nih.gov/pmc/articles/PMC4460128","MLRELATE","[16]",1,"Software_Article"
"https://www.ncbi.nlm.nih.gov/pmc/articles/PMC4460128","COLONY","[17]",1,"Software_Article"
"https://www.ncbi.nlm.nih.gov/pmc/articles/PMC4460128","COANCESTRY","[18]",1,"Software_Article"
"https://www.ncbi.nlm.nih.gov/pmc/articles/PMC4460128","BOTTLENECK","[19]",1,"Software_Article"
"https://www.ncbi.nlm.nih.gov/pmc/articles/PMC4460128","MICROCHECKER","[14]",1,"Software_Article"
"https://www.ncbi.nlm.nih.gov/pmc/articles/PMC4460128","GenAlEx","[15]",1,"Software_Article"
"https://www.ncbi.nlm.nih.gov/pmc/articles/PMC4468325","Autodock Vina","[57]",1,"Software_Article"
"https://www.ncbi.nlm.nih.gov/pmc/articles/PMC4470332","Genome Analysis Toolkit","[49]",1,"Software_Article"
"https://www.ncbi.nlm.nih.gov/pmc/articles/PMC4470332","Sift","[54]",1,"Software_Article"
"https://www.ncbi.nlm.nih.gov/pmc/articles/PMC4470332","Condel","[55]",1,"Software_Article"
"https://www.ncbi.nlm.nih.gov/pmc/articles/PMC4470332","VAX","[52]",1,"Software_Article"
"https://www.ncbi.nlm.nih.gov/pmc/articles/PMC4470332","Polyphen","[53]",1,"Software_Article"
"https://www.ncbi.nlm.nih.gov/pmc/articles/PMC4470332","GATK","[50,51]",2,"Software_Article"
"https://www.ncbi.nlm.nih.gov/pmc/articles/PMC4470332","GATK","[50,51]",1,"Software_Article"
"https://www.ncbi.nlm.nih.gov/pmc/articles/PMC4470332","CADD","[56]",1,"Software_Article"
"https://www.ncbi.nlm.nih.gov/pmc/articles/PMC4484448","Cytoscape","[48]",1,"Software_Article"
"https://www.ncbi.nlm.nih.gov/pmc/articles/PMC4484448","ClueGO","[47]",1,"Software_Article"
"https://www.ncbi.nlm.nih.gov/pmc/articles/PMC4511801","SPSS","[40]",1,"Direct"
"https://www.ncbi.nlm.nih.gov/pmc/articles/PMC4512720","G*Power","[27]",1,"Software_Article"
"https://www.ncbi.nlm.nih.gov/pmc/articles/PMC4514736","traj","[24]",1,"Software_Article"
"https://www.ncbi.nlm.nih.gov/pmc/articles/PMC4524681","PROCESS","[38]",1,"Book"
"https://www.ncbi.nlm.nih.gov/pmc/articles/PMC4529226","Wake Forest University PickAtlas","[50, 51]",1,"Software_Article"
"https://www.ncbi.nlm.nih.gov/pmc/articles/PMC4529226","Wake Forest University PickAtlas","[50, 51]",2,"Software_Article"
"https://www.ncbi.nlm.nih.gov/pmc/articles/PMC4529226","conn","[46]",1,"Software_Article"
"https://www.ncbi.nlm.nih.gov/pmc/articles/PMC4529226","CONN","[46]",1,"Software_Article"
"https://www.ncbi.nlm.nih.gov/pmc/articles/PMC4552758","LiDAR Analyst","[50]",1,"Direct"
"https://www.ncbi.nlm.nih.gov/pmc/articles/PMC4552758","ArcGIS","[51]",1,"Direct"
"https://www.ncbi.nlm.nih.gov/pmc/articles/PMC4557994","FSL","[18]",1,"Software_Article"
"https://www.ncbi.nlm.nih.gov/pmc/articles/PMC4557994","Statistical Analysis of Minimum cost path based Structural Connectivity","[4]",1,"Software_Article"
"https://www.ncbi.nlm.nih.gov/pmc/articles/PMC4557994","FreeSurfer","[17]",1,"Software_Article"
"https://www.ncbi.nlm.nih.gov/pmc/articles/PMC4557994","ANFI","[18,19]",2,"Software_Article"
"https://www.ncbi.nlm.nih.gov/pmc/articles/PMC4557994","FSL","[18,19]",1,"Software_Article"
"https://www.ncbi.nlm.nih.gov/pmc/articles/PMC4580643","SAS","[34]",1,"Direct"
"https://www.ncbi.nlm.nih.gov/pmc/articles/PMC4591118","STATA","[27]",1,"Direct"
"https://www.ncbi.nlm.nih.gov/pmc/articles/PMC4596844","MEGA","[18]",1,"Software_Article"
"https://www.ncbi.nlm.nih.gov/pmc/articles/PMC4596844","Mothur","[12]",1,"Software_Article"
"https://www.ncbi.nlm.nih.gov/pmc/articles/PMC4624683","MDAnalysis molecular analysis toolkit","[14]",1,"Software_Article"
"https://www.ncbi.nlm.nih.gov/pmc/articles/PMC4643858","Atlas.ti","Muhr 2004",1,"Manual"
"https://www.ncbi.nlm.nih.gov/pmc/articles/PMC4657964","EpiTools","[43]",1,"Direct"
"https://www.ncbi.nlm.nih.gov/pmc/articles/PMC4657964","R","[42]",1,"Manual"
"https://www.ncbi.nlm.nih.gov/pmc/articles/PMC4659587","VDJtools","[40]",1,"Website"
"https://www.ncbi.nlm.nih.gov/pmc/articles/PMC4676698","QuickPALM","[34]",1,"Software_Article"
"https://www.ncbi.nlm.nih.gov/pmc/articles/PMC4699692","Microscopy Image Browser","[9]",1,"Manual"
"https://www.ncbi.nlm.nih.gov/pmc/articles/PMC4701397","Stata","[41]",1,"Direct"
"https://www.ncbi.nlm.nih.gov/pmc/articles/PMC4713201","mothur","[40]",1,"Software_Article"
"https://www.ncbi.nlm.nih.gov/pmc/articles/PMC4718669","sLORETA","[21]",1,"Software_Article"
"https://www.ncbi.nlm.nih.gov/pmc/articles/PMC4718669","EEGLab","[19]",1,"Software_Article"
"https://www.ncbi.nlm.nih.gov/pmc/articles/PMC4718669","MapWin","[23]",1,"Software_Article"
"https://www.ncbi.nlm.nih.gov/pmc/articles/PMC4726623","Praat","[61, 66]",1,"Book"
"https://www.ncbi.nlm.nih.gov/pmc/articles/PMC4726623","Praat","[61, 66]",2,"Direct"
"https://www.ncbi.nlm.nih.gov/pmc/articles/PMC4726623","articulatory synthesizer","[61, 66]",1,"Book"
"https://www.ncbi.nlm.nih.gov/pmc/articles/PMC4726623","articulatory synthesizer","[61, 66]",2,"Direct"
"https://www.ncbi.nlm.nih.gov/pmc/articles/PMC4727887","EEGLAB","[29]",1,"Software_Article"
"https://www.ncbi.nlm.nih.gov/pmc/articles/PMC4728114","Stata","[30]",1,"Direct"
"https://www.ncbi.nlm.nih.gov/pmc/articles/PMC4744017","iMap","[42]",1,"Software_Article"
"https://www.ncbi.nlm.nih.gov/pmc/articles/PMC4784788","Tophat","[17]",1,"Software_Article"
"https://www.ncbi.nlm.nih.gov/pmc/articles/PMC4784788","GSEA-P","[29,30]",1,"Software_Article"
"https://www.ncbi.nlm.nih.gov/pmc/articles/PMC4784788","GSEA-P","[29,30]",2,"Software_Article"
"https://www.ncbi.nlm.nih.gov/pmc/articles/PMC4784788","FastQC","[8,16]",1,"Software_Article"
"https://www.ncbi.nlm.nih.gov/pmc/articles/PMC4784788","FastQC","[8,16]",2,"Direct"
"https://www.ncbi.nlm.nih.gov/pmc/articles/PMC4784788","Cufflinks","[18]",1,"Software_Article"
"https://www.ncbi.nlm.nih.gov/pmc/articles/PMC4784788","Database for Annotation, Visualization and Integrated Discovery","[23,24]",1,"Software_Article"
"https://www.ncbi.nlm.nih.gov/pmc/articles/PMC4784788","Database for Annotation, Visualization and Integrated Discovery","[23,24]",2,"Application"
"https://www.ncbi.nlm.nih.gov/pmc/articles/PMC4784788","Cytoscape","[24,33]",1,"Application"
"https://www.ncbi.nlm.nih.gov/pmc/articles/PMC4784788","Cytoscape","[24,33]",2,"Software_Article"
"https://www.ncbi.nlm.nih.gov/pmc/articles/PMC4784788","BisoGenet","[27,28,32]",3,"Software_Article"
"https://www.ncbi.nlm.nih.gov/pmc/articles/PMC4784788","BisoGenet","[27,28,32]",1,"Application"
"https://www.ncbi.nlm.nih.gov/pmc/articles/PMC4784788","BisoGenet","[27,28,32]",2,"Application"
"https://www.ncbi.nlm.nih.gov/pmc/articles/PMC4805189","SAS","[43]",1,"Manual"
"https://www.ncbi.nlm.nih.gov/pmc/articles/PMC4833478","EEGLAB","[47]",1,"Software_Article"
"https://www.ncbi.nlm.nih.gov/pmc/articles/PMC4833478","Stan","[50]",1,"Direct"
"https://www.ncbi.nlm.nih.gov/pmc/articles/PMC4839673","Biopython","[35]",1,"Software_Article"
"https://www.ncbi.nlm.nih.gov/pmc/articles/PMC4847873","mrsFAST","[75]",1,"Software_Article"
"https://www.ncbi.nlm.nih.gov/pmc/articles/PMC4847873","BEAGLE","[79]",1,"Software_Article"
"https://www.ncbi.nlm.nih.gov/pmc/articles/PMC4847873","MERLIN","[80]",1,"Software_Article"
"https://www.ncbi.nlm.nih.gov/pmc/articles/PMC4847873","Copy Number Inference from Exome Reads","[74]",1,"Software_Article"
"https://www.ncbi.nlm.nih.gov/pmc/articles/PMC4847873","Variant Effect Predictor","[81, 82]",1,"Software_Article"
"https://www.ncbi.nlm.nih.gov/pmc/articles/PMC4847873","Variant Effect Predictor","[81, 82]",2,"Software_Article"
"https://www.ncbi.nlm.nih.gov/pmc/articles/PMC4847873","PennCNV","[76]",1,"Software_Article"
"https://www.ncbi.nlm.nih.gov/pmc/articles/PMC4847873","cnvHap","[77]",1,"Software_Article"
"https://www.ncbi.nlm.nih.gov/pmc/articles/PMC4847873","PLINK","[66]",1,"Software_Article"
"https://www.ncbi.nlm.nih.gov/pmc/articles/PMC4847873","GEMINI","[83]",1,"Software_Article"
"https://www.ncbi.nlm.nih.gov/pmc/articles/PMC4847873","GATK","[84]",1,"Software_Article"
"https://www.ncbi.nlm.nih.gov/pmc/articles/PMC4847873","PolyPhen","[85]",1,"Software_Article"
"https://www.ncbi.nlm.nih.gov/pmc/articles/PMC4847873","Combined Annotation Dependent Depletion","[86]",1,"Software_Article"
"https://www.ncbi.nlm.nih.gov/pmc/articles/PMC4847873","PEDSTATS","[67]",1,"Software_Article"
"https://www.ncbi.nlm.nih.gov/pmc/articles/PMC4847873","Pedigree-Based Analysis Pipeline","[68]",1,"Software_Article"
"https://www.ncbi.nlm.nih.gov/pmc/articles/PMC4847873","MORGAN","[70–72]",3,"Software_Article"
"https://www.ncbi.nlm.nih.gov/pmc/articles/PMC4847873","MORGAN","[70–72]",1,"Software_Article"
"https://www.ncbi.nlm.nih.gov/pmc/articles/PMC4847873","MORGAN","[70–72]",2,"Software_Article"
"https://www.ncbi.nlm.nih.gov/pmc/articles/PMC4849643","PROCESS","[32]",1,"Book"
"https://www.ncbi.nlm.nih.gov/pmc/articles/PMC4889034","Stata","[48]",1,"Direct"
"https://www.ncbi.nlm.nih.gov/pmc/articles/PMC4889034","Mplus","[46]",1,"Manual"
"https://www.ncbi.nlm.nih.gov/pmc/articles/PMC4892500","SAMtools","[43]",1,"Software_Article"
"https://www.ncbi.nlm.nih.gov/pmc/articles/PMC4892500","GARLI","[41,42]",1,"Book"
"https://www.ncbi.nlm.nih.gov/pmc/articles/PMC4892500","GARLI","[41,42]",2,"Software_Article"
"https://www.ncbi.nlm.nih.gov/pmc/articles/PMC4892500","Prokaryotic Genomes Automatic Annotation Pipeline","[40]",1,"Software_Article"
"https://www.ncbi.nlm.nih.gov/pmc/articles/PMC4892500","GARLI","[41, 42]",1,"Book"
"https://www.ncbi.nlm.nih.gov/pmc/articles/PMC4892500","GARLI","[41, 42]",2,"Software_Article"
"https://www.ncbi.nlm.nih.gov/pmc/articles/PMC4892543","Brain Connectivity Toolbox","[17]",1,"Software_Article"
"https://www.ncbi.nlm.nih.gov/pmc/articles/PMC4900599","STATA","[28]",1,"Direct"
"https://www.ncbi.nlm.nih.gov/pmc/articles/PMC4900631","SOCPROG","[73,109]",2,"Software_Article"
"https://www.ncbi.nlm.nih.gov/pmc/articles/PMC4900631","SOCPROG","[73,109]",1,"Software_Article"
"https://www.ncbi.nlm.nih.gov/pmc/articles/PMC4900631","T-LoCoH","[101]",1,"Software_Article"
"https://www.ncbi.nlm.nih.gov/pmc/articles/PMC4900631","R","[103]",1,"Manual"
"https://www.ncbi.nlm.nih.gov/pmc/articles/PMC4900631","R","[114]",1,"Direct"
"https://www.ncbi.nlm.nih.gov/pmc/articles/PMC4907437","REALCOM-IMPUTE","[38]",1,"Software_Article"
"https://www.ncbi.nlm.nih.gov/pmc/articles/PMC4934862","survival","[27]",1,"Direct"
"https://www.ncbi.nlm.nih.gov/pmc/articles/PMC4934862","R","[28]",1,"Manual"
"https://www.ncbi.nlm.nih.gov/pmc/articles/PMC4988699","C2","[64]",1,"Direct"
"https://www.ncbi.nlm.nih.gov/pmc/articles/PMC4988699","CALIB","[47]",1,"Direct"
"https://www.ncbi.nlm.nih.gov/pmc/articles/PMC4988699","Calib","[47]",1,"Direct"
"https://www.ncbi.nlm.nih.gov/pmc/articles/PMC4988699","clam","[53]",1,"Software_Article"
"https://www.ncbi.nlm.nih.gov/pmc/articles/PMC4988699","rioja","[62, 63]",1,"Direct"
"https://www.ncbi.nlm.nih.gov/pmc/articles/PMC4988699","R","[62, 63]",2,"Direct"
"https://www.ncbi.nlm.nih.gov/pmc/articles/PMC4999232","Psychophysics Toolbox","[12]",1,"Software_Article"
"https://www.ncbi.nlm.nih.gov/pmc/articles/PMC5001718","FSL","[17]",1,"Software_Article"
"https://www.ncbi.nlm.nih.gov/pmc/articles/PMC5001718","AFNI","[18]",1,"Software_Article"
"https://www.ncbi.nlm.nih.gov/pmc/articles/PMC5001718","ISC-toolbox","[20]",1,"Software_Article"
"https://www.ncbi.nlm.nih.gov/pmc/articles/PMC5001718","Psychophysics Toolbox","[15,16]",1,"Software_Article"
"https://www.ncbi.nlm.nih.gov/pmc/articles/PMC5001718","Psychophysics Toolbox","[15,16]",2,"Software_Article"
"https://www.ncbi.nlm.nih.gov/pmc/articles/PMC5001719","Stata","[41]",1,"Direct"
"https://www.ncbi.nlm.nih.gov/pmc/articles/PMC5003378","R","[34]",1,"Manual"
"https://www.ncbi.nlm.nih.gov/pmc/articles/PMC5040440","BEAST","[28]",1,"Software_Article"
"https://www.ncbi.nlm.nih.gov/pmc/articles/PMC5061368","nlme","[58]",1,"Direct"
"https://www.ncbi.nlm.nih.gov/pmc/articles/PMC5061368","R","[57]",1,"Manual"
"https://www.ncbi.nlm.nih.gov/pmc/articles/PMC5068799","Mplus","[28]",1,"Manual"
"https://www.ncbi.nlm.nih.gov/pmc/articles/PMC5070780","STAR","[91]",1,"Software_Article"
"https://www.ncbi.nlm.nih.gov/pmc/articles/PMC5070780","FastQC","[89]",1,"Direct"
"https://www.ncbi.nlm.nih.gov/pmc/articles/PMC5070780","Mirdeep2","[43]",1,"Software_Article"
"https://www.ncbi.nlm.nih.gov/pmc/articles/PMC5070780","BLAST","[95]",1,"Software_Article"
"https://www.ncbi.nlm.nih.gov/pmc/articles/PMC5070780","Trimmomatic","[90]",1,"Software_Article"
"https://www.ncbi.nlm.nih.gov/pmc/articles/PMC5070780","Samtools","[92]",1,"Software_Article"
"https://www.ncbi.nlm.nih.gov/pmc/articles/PMC5070780","miRDB","[101]",1,"Software_Article"
"https://www.ncbi.nlm.nih.gov/pmc/articles/PMC5070780","TargetScan","[102]",1,"Website"
"https://www.ncbi.nlm.nih.gov/pmc/articles/PMC5070780","vegan","[97]",1,"Website"
"https://www.ncbi.nlm.nih.gov/pmc/articles/PMC5070780","gplots","[98]",1,"Website"
"https://www.ncbi.nlm.nih.gov/pmc/articles/PMC5070780","edgeR","[96]",1,"Software_Article"
"https://www.ncbi.nlm.nih.gov/pmc/articles/PMC5102347","Stata","[41]",1,"Direct"
"https://www.ncbi.nlm.nih.gov/pmc/articles/PMC5104352","MaxEnt","[23]",1,"Software_Article"
"https://www.ncbi.nlm.nih.gov/pmc/articles/PMC5104352","MaxEnt","[26, 27,38]",3,"Application"
"https://www.ncbi.nlm.nih.gov/pmc/articles/PMC5104352","MaxEnt","[26, 27,38]",1,"Application"
"https://www.ncbi.nlm.nih.gov/pmc/articles/PMC5104352","MaxEnt","[26, 27,38]",2,"Application"
"https://www.ncbi.nlm.nih.gov/pmc/articles/PMC5104352","SDMtoolbox","[16]",1,"Software_Article"
"https://www.ncbi.nlm.nih.gov/pmc/articles/PMC5104352","ENMtools","[31]",1,"Software_Article"
"https://www.ncbi.nlm.nih.gov/pmc/articles/PMC5104352","MaxEnt","[26]",1,"Application"
"https://www.ncbi.nlm.nih.gov/pmc/articles/PMC5161364","R","[20]",1,"Manual"
"https://www.ncbi.nlm.nih.gov/pmc/articles/PMC5266220","BLAST","[73]",1,"Software_Article"
"https://www.ncbi.nlm.nih.gov/pmc/articles/PMC5312924","CompuSyn","[26,27]",2,"Direct"
"https://www.ncbi.nlm.nih.gov/pmc/articles/PMC5312924","CompuSyn","[26,27]",1,"Software_Article"
"https://www.ncbi.nlm.nih.gov/pmc/articles/PMC5336195","Stata","[13]",1,"Direct"
"https://www.ncbi.nlm.nih.gov/pmc/articles/PMC5336195","glmnet","[14]",1,"Software_Article"
"https://www.ncbi.nlm.nih.gov/pmc/articles/PMC5344449","NIRS_SPM","[40]",1,"Software_Article"
"https://www.ncbi.nlm.nih.gov/pmc/articles/PMC5351064","Open Meta-Analyst","[9]",1,"Software_Article"
"https://www.ncbi.nlm.nih.gov/pmc/articles/PMC5367715","EEGLAB","[38]",1,"Software_Article"
"https://www.ncbi.nlm.nih.gov/pmc/articles/PMC5386258","H2O R interface","[35]",1,"Direct"
"https://www.ncbi.nlm.nih.gov/pmc/articles/PMC5386258","pROC","[38]",1,"Software_Article"
"https://www.ncbi.nlm.nih.gov/pmc/articles/PMC5386258","R","[34]",1,"Manual"
"https://www.ncbi.nlm.nih.gov/pmc/articles/PMC5398504","MEGA","[23]",1,"Software_Article"
"https://www.ncbi.nlm.nih.gov/pmc/articles/PMC5398504","ClustalW","[22]",1,"Software_Article"
"https://www.ncbi.nlm.nih.gov/pmc/articles/PMC5398504","Vegan","[25]",1,"Direct"
"https://www.ncbi.nlm.nih.gov/pmc/articles/PMC5423609","SPSS","[34]",1,"Direct"
"https://www.ncbi.nlm.nih.gov/pmc/articles/PMC5436697","Skyline","[18]",1,"Software_Article"
"https://www.ncbi.nlm.nih.gov/pmc/articles/PMC5436697","MSstats","[21–23]",1,"Software_Article"
"https://www.ncbi.nlm.nih.gov/pmc/articles/PMC5436697","MSstats","[21–23]",3,"Software_Article"
"https://www.ncbi.nlm.nih.gov/pmc/articles/PMC5436697","MSstats","[21–23]",2,"Software_Article"
"https://www.ncbi.nlm.nih.gov/pmc/articles/PMC5444625","ZSCORE06","[51]",1,"Direct"
"https://www.ncbi.nlm.nih.gov/pmc/articles/PMC5536272","Gannet","[41]",1,"Software_Article"
"https://www.ncbi.nlm.nih.gov/pmc/articles/PMC5540584","SPM","[40]",1,"Software_Article"
"https://www.ncbi.nlm.nih.gov/pmc/articles/PMC5540584","Psychophysics Toolbox","[22, 23]",2,"Other"
"https://www.ncbi.nlm.nih.gov/pmc/articles/PMC5540584","Psychophysics Toolbox","[22, 23]",1,"Software_Article"
"https://www.ncbi.nlm.nih.gov/pmc/articles/PMC5542610","CubeX","[34]",1,"Software_Article"
"https://www.ncbi.nlm.nih.gov/pmc/articles/PMC5542610","FMRIB's Automated Segmentation Tool","[22]",1,"Software_Article"
"https://www.ncbi.nlm.nih.gov/pmc/articles/PMC5542610","FMRIB's ICA-based X-noiseifier","[26, 27]",1,"Software_Article"
"https://www.ncbi.nlm.nih.gov/pmc/articles/PMC5542610","FMRIB's ICA-based X-noiseifier","[26, 27]",2,"Software_Article"
"https://www.ncbi.nlm.nih.gov/pmc/articles/PMC5542610","FMRIB’s Integrated Registration and Segmentation Tool","[30]",1,"Software_Article"
"https://www.ncbi.nlm.nih.gov/pmc/articles/PMC5542610","MELODIC","[25]",1,"Software_Article"
"https://www.ncbi.nlm.nih.gov/pmc/articles/PMC5542610","FSL-VBM","[29]",1,"Software_Article"
"https://www.ncbi.nlm.nih.gov/pmc/articles/PMC5542610","threshold-free cluster enhancement","[33]",1,"Software_Article"
"https://www.ncbi.nlm.nih.gov/pmc/articles/PMC5568325","SurveyMonkey","[49]",1,"Direct"
"https://www.ncbi.nlm.nih.gov/pmc/articles/PMC5587279","SPSS Statistics","[35]",1,"Direct"
"https://www.ncbi.nlm.nih.gov/pmc/articles/PMC5597219","Ctrax","[67]",1,"Software_Article"
"https://www.ncbi.nlm.nih.gov/pmc/articles/PMC5633175","MEGA","[38]",1,"Software_Article"
"https://www.ncbi.nlm.nih.gov/pmc/articles/PMC5633175","QGIS","[44]",1,"Direct"
"https://www.ncbi.nlm.nih.gov/pmc/articles/PMC5653292","WFU-Pickatlas","[35]",1,"Software_Article"
"https://www.ncbi.nlm.nih.gov/pmc/articles/PMC5653292","SPM","[42]",1,"Software_Article"
"https://www.ncbi.nlm.nih.gov/pmc/articles/PMC5653292","LI-toolbox","[36]",1,"Software_Article"
"https://www.ncbi.nlm.nih.gov/pmc/articles/PMC5653292","SPM anatomy toolbox","[34]",1,"Software_Article"
"https://www.ncbi.nlm.nih.gov/pmc/articles/PMC5690316","Immunoratio","[16]",1,"Software_Article"
"https://www.ncbi.nlm.nih.gov/pmc/articles/PMC5690316","ImageJ","[17]",1,"Software_Article"
"https://www.ncbi.nlm.nih.gov/pmc/articles/PMC5690316","ROCR","[32]",1,"Software_Article"
"https://www.ncbi.nlm.nih.gov/pmc/articles/PMC5690316","R","[30]",1,"Software_Article"
"https://www.ncbi.nlm.nih.gov/pmc/articles/PMC5720745","PROCESS","[28]",1,"Book"
"https://www.ncbi.nlm.nih.gov/pmc/articles/PMC5734747","Librosa","[76]",1,"Direct"
"https://www.ncbi.nlm.nih.gov/pmc/articles/PMC5744934","STATA","[28]",1,"Direct"
"https://www.ncbi.nlm.nih.gov/pmc/articles/PMC5747435","Stata","[21]",1,"Direct"
"https://www.ncbi.nlm.nih.gov/pmc/articles/PMC5875891","SPSS Statistics","[94]",1,"Direct"
"https://www.ncbi.nlm.nih.gov/pmc/articles/PMC5905982","fmsb","[31]",1,"Direct"
"https://www.ncbi.nlm.nih.gov/pmc/articles/PMC5905982","R","[30]",1,"Direct"
"https://www.ncbi.nlm.nih.gov/pmc/articles/PMC5912749","GRAB","[14]",1,"Software_Article"
"https://www.ncbi.nlm.nih.gov/pmc/articles/PMC5912749","vcftools","[75]",1,"Software_Article"
"https://www.ncbi.nlm.nih.gov/pmc/articles/PMC5912749","Python","[73]",1,"Other"
"https://www.ncbi.nlm.nih.gov/pmc/articles/PMC5922579","NeuroDebian","[52]",1,"Software_Article"
"https://www.ncbi.nlm.nih.gov/pmc/articles/PMC5922579","AFNI","[42,43]",1,"Software_Article"
"https://www.ncbi.nlm.nih.gov/pmc/articles/PMC5922579","AFNI","[42,43]",2,"Software_Article"
"https://www.ncbi.nlm.nih.gov/pmc/articles/PMC5922579","MSM-All","[22]",1,"Software_Article"
"https://www.ncbi.nlm.nih.gov/pmc/articles/PMC5979022","STATA","[16]",1,"Direct"
"https://www.ncbi.nlm.nih.gov/pmc/articles/PMC6017189","SHELXTL","[63]",1,"Software_Article"
"https://www.ncbi.nlm.nih.gov/pmc/articles/PMC6017189","AMBERTOOLS","[55,56]",2,"Article_Error"
"https://www.ncbi.nlm.nih.gov/pmc/articles/PMC6017189","AMBERTOOLS","[55,56]",1,"Article_Error"
"https://www.ncbi.nlm.nih.gov/pmc/articles/PMC6029841","CellProfiler","[4]",1,"Software_Article"
"https://www.ncbi.nlm.nih.gov/pmc/articles/PMC6042701","Stata","[90]",1,"Direct"
"https://www.ncbi.nlm.nih.gov/pmc/articles/PMC6042753","SPSS Statistics","[39]",1,"Direct"
"https://www.ncbi.nlm.nih.gov/pmc/articles/PMC6042753","R","[40]",1,"Manual"
"https://www.ncbi.nlm.nih.gov/pmc/articles/PMC6049947","COBRApy","[18]",1,"Software_Article"
"https://www.ncbi.nlm.nih.gov/pmc/articles/PMC6063436","PAST","[21]",1,"Software_Article"
"https://www.ncbi.nlm.nih.gov/pmc/articles/PMC6110470","SAMtools","[28]",1,"Software_Article"
"https://www.ncbi.nlm.nih.gov/pmc/articles/PMC6110470","PLINK","[29]",1,"Software_Article"
"https://www.ncbi.nlm.nih.gov/pmc/articles/PMC6110470","BCFtools","[28]",1,"Software_Article"
"https://www.ncbi.nlm.nih.gov/pmc/articles/PMC6110470","ANNOVAR","[31]",1,"Software_Article"
"https://www.ncbi.nlm.nih.gov/pmc/articles/PMC6110470","XHMM","[35]",1,"Application"
"https://www.ncbi.nlm.nih.gov/pmc/articles/PMC6110470","bedtools","[36]",1,"Software_Article"
"https://www.ncbi.nlm.nih.gov/pmc/articles/PMC6110470","Ingenuity Pathway Analyser","[43]",1,"Software_Article"
"https://www.ncbi.nlm.nih.gov/pmc/articles/PMC6110470","GATK","[26]",1,"Software_Article"
"https://www.ncbi.nlm.nih.gov/pmc/articles/PMC6112653","mice","[36]",1,"Software_Article"
"https://www.ncbi.nlm.nih.gov/pmc/articles/PMC6114278","Stata","[50]",1,"Direct"
"https://www.ncbi.nlm.nih.gov/pmc/articles/PMC6147600","NeuroSynth","[33]",1,"Software_Article"
"https://www.ncbi.nlm.nih.gov/pmc/articles/PMC6147600","Scikit-learn","[34]",1,"Software_Article"
"https://www.ncbi.nlm.nih.gov/pmc/articles/PMC6201949","PROCESS","[53]",1,"Book"
"https://www.ncbi.nlm.nih.gov/pmc/articles/PMC6219793","MATLAB","[38]",1,"Direct"
"https://www.ncbi.nlm.nih.gov/pmc/articles/PMC6235347","dplyr","[22]",1,"Direct"
"https://www.ncbi.nlm.nih.gov/pmc/articles/PMC6235347","psych","[23]",1,"Direct"
"https://www.ncbi.nlm.nih.gov/pmc/articles/PMC6235347","tidyr","[24]",1,"Direct"
"https://www.ncbi.nlm.nih.gov/pmc/articles/PMC6235347","R","[21]",1,"Direct"
"https://www.ncbi.nlm.nih.gov/pmc/articles/PMC6258523","Psychtoolbox","[56]",1,"Other"
"https://www.ncbi.nlm.nih.gov/pmc/articles/PMC6269088","caret","[45]",1,"Software_Article"
"https://www.ncbi.nlm.nih.gov/pmc/articles/PMC6269088","mRMRe","[44]",1,"Software_Article"
"https://www.ncbi.nlm.nih.gov/pmc/articles/PMC6269088","survcomp","[46]",1,"Software_Article"
"https://www.ncbi.nlm.nih.gov/pmc/articles/PMC6345421","PLINK","[58]",1,"Software_Article"
"https://www.ncbi.nlm.nih.gov/pmc/articles/PMC6345421","METACARPA","[75]",1,"Software_Article"
"https://www.ncbi.nlm.nih.gov/pmc/articles/PMC6345421","Haplotype Reference Consortium","[54]",1,"Software_Article"
"https://www.ncbi.nlm.nih.gov/pmc/articles/PMC6345421","KING","[60]",1,"Software_Article"
"https://www.ncbi.nlm.nih.gov/pmc/articles/PMC6345421","SHAPEITv","[61]",1,"Software_Article"
"https://www.ncbi.nlm.nih.gov/pmc/articles/PMC6345421","SNPTEST","[65]",1,"Software_Article"
"https://www.ncbi.nlm.nih.gov/pmc/articles/PMC6345421","BOLT-LMM","[66]",1,"Software_Article"
"https://www.ncbi.nlm.nih.gov/pmc/articles/PMC6345421","METAL","[76]",1,"Software_Article"
"https://www.ncbi.nlm.nih.gov/pmc/articles/PMC6345421","Quanto","[73]",1,"Direct"
"https://www.ncbi.nlm.nih.gov/pmc/articles/PMC6345421","rms","[71]",1,"Direct"
"https://www.ncbi.nlm.nih.gov/pmc/articles/PMC6345421","R","[72]",1,"Manual"
"https://www.ncbi.nlm.nih.gov/pmc/articles/PMC6372264","HyPhy","Kosakovsky Pond et al. 2005; Delport et al. 2010",1,"Software_Article"
"https://www.ncbi.nlm.nih.gov/pmc/articles/PMC6411919","PIVOT","[65]",1,"Software_Article"
"https://www.ncbi.nlm.nih.gov/pmc/articles/PMC6411919","EdgeR","[64]",1,"Software_Article"
"https://www.ncbi.nlm.nih.gov/pmc/articles/PMC6719071","KOBAS","[15]",1,"Software_Article"
"https://www.ncbi.nlm.nih.gov/pmc/articles/PMC6719071","MACS","[21]",1,"Software_Article"
"https://www.ncbi.nlm.nih.gov/pmc/articles/PMC6719071","FIMO","[18]",1,"Software_Article"
"https://www.ncbi.nlm.nih.gov/pmc/articles/PMC6719071","BWA","[20]",1,"Software_Article"
"https://www.ncbi.nlm.nih.gov/pmc/articles/PMC6719071","GOseq","[14]",1,"Software_Article"
"https://www.ncbi.nlm.nih.gov/pmc/articles/PMC7072535","BioConductor","[18]",1,"Software_Article"
"https://www.ncbi.nlm.nih.gov/pmc/articles/PMC7072535","R","[17]",1,"Article_Error"
"https://www.ncbi.nlm.nih.gov/pmc/articles/PMC7519650","REDCap","[38]",1,"Software_Article"
"https://www.ncbi.nlm.nih.gov/pmc/articles/PMC7519650","VarScan","[40]",1,"Software_Article"
"https://www.ncbi.nlm.nih.gov/pmc/articles/PMC7519650","samtools","[41]",1,"Software_Article"
"https://www.ncbi.nlm.nih.gov/pmc/articles/PMC7519650","MSIsensor","[50]",1,"Software_Article"
"https://www.ncbi.nlm.nih.gov/pmc/articles/PMC7519650","Salmon","[51]",1,"Software_Article"
"https://www.ncbi.nlm.nih.gov/pmc/articles/PMC7519650","SnpEff","[21]",1,"Software_Article"
"https://www.ncbi.nlm.nih.gov/pmc/articles/PMC7519650","SomaticSignatures","[46]",1,"Software_Article"
"https://www.ncbi.nlm.nih.gov/pmc/articles/PMC7519650","MutationalPatterns","[47]",1,"Software_Article"
"https://www.ncbi.nlm.nih.gov/pmc/articles/PMC7641733","Trimmomatic","[52]",1,"Software_Article"
"https://www.ncbi.nlm.nih.gov/pmc/articles/PMC3431302","Crimap","[54]",1,"Direct"
"https://www.ncbi.nlm.nih.gov/pmc/articles/PMC4056374","DriverNet","[31]",1,"Website"
"https://www.ncbi.nlm.nih.gov/pmc/articles/PMC4125212","GENECOUNTING","[43]",1,"Software_Article"
"https://www.ncbi.nlm.nih.gov/pmc/articles/PMC4383374","SAS","[52]",1,"Manual"
"https://www.ncbi.nlm.nih.gov/pmc/articles/PMC4574966","Plink","[36]",1,"Software_Article"
"https://www.ncbi.nlm.nih.gov/pmc/articles/PMC4847873","SLINK","[59, 60]",2,"Software_Article"
"https://www.ncbi.nlm.nih.gov/pmc/articles/PMC4847873","SLINK","[59, 60]",1,"Software_Article"
"https://www.ncbi.nlm.nih.gov/pmc/articles/PMC5104352","MaxEnt","[23,26]",2,"Application"
"https://www.ncbi.nlm.nih.gov/pmc/articles/PMC5104352","MaxEnt","[23,26]",1,"Software_Article"
"https://www.ncbi.nlm.nih.gov/pmc/articles/PMC5249117","Psychophysics toolbox","[49–51]",3,"Other"
"https://www.ncbi.nlm.nih.gov/pmc/articles/PMC5249117","Psychophysics toolbox","[49–51]",1,"Software_Article"
"https://www.ncbi.nlm.nih.gov/pmc/articles/PMC5249117","Psychophysics toolbox","[49–51]",2,"Software_Article"
"https://www.ncbi.nlm.nih.gov/pmc/articles/PMC5249244","Genevestigator","[31]",1,"Software_Article"
"https://www.ncbi.nlm.nih.gov/pmc/articles/PMC5289417","R","[17]",1,"Manual"
"https://www.ncbi.nlm.nih.gov/pmc/articles/PMC5325527","Stata","[32]",1,"Article_Error"
"https://www.ncbi.nlm.nih.gov/pmc/articles/PMC5381785","Stella","[16]",1,"Direct"
"https://www.ncbi.nlm.nih.gov/pmc/articles/PMC5386258","h2oEnsemble","[36]",1,"Direct"
"https://www.ncbi.nlm.nih.gov/pmc/articles/PMC5398494","EQ-5D calculator","[40]",1,"Direct"
"https://www.ncbi.nlm.nih.gov/pmc/articles/PMC5425029","ImageJ","[45]",1,"Software_Article"
"https://www.ncbi.nlm.nih.gov/pmc/articles/PMC5425029","nlme","[51]",1,"Direct"
"https://www.ncbi.nlm.nih.gov/pmc/articles/PMC5425029","R","[50]",1,"Manual"
"https://www.ncbi.nlm.nih.gov/pmc/articles/PMC5436697","Epi","[27]",1,"Direct"
"https://www.ncbi.nlm.nih.gov/pmc/articles/PMC5444625","Epidata","[49]",1,"Direct"
"https://www.ncbi.nlm.nih.gov/pmc/articles/PMC5448741","Waikato Environment for Knowledge Analysis","[26]",1,"Software_Article"
"https://www.ncbi.nlm.nih.gov/pmc/articles/PMC5479529","Tensor Toolbox","[18]",1,"Direct"
"https://www.ncbi.nlm.nih.gov/pmc/articles/PMC5542610","FMRIB Software Library","[21]",1,"Software_Article"
"https://www.ncbi.nlm.nih.gov/pmc/articles/PMC5542610","FMRIB’s Diffusion Toolbox","[24]",1,"Software_Article"
"https://www.ncbi.nlm.nih.gov/pmc/articles/PMC5542610","tract-based spatial statistics","[31]",1,"Software_Article"
"https://www.ncbi.nlm.nih.gov/pmc/articles/PMC5542610","Multivariate Exploratory Linear Optimized Decomposition into Independent Compone,nts","[25]",1,"Software_Article"
"https://www.ncbi.nlm.nih.gov/pmc/articles/PMC5574543","PRAAT","[50]",1,"Direct"
"https://www.ncbi.nlm.nih.gov/pmc/articles/PMC5574543","TurkPrime","[47]",1,"Software_Article"
"https://www.ncbi.nlm.nih.gov/pmc/articles/PMC5590823","SPSS","[34]",1,"Direct"
"https://www.ncbi.nlm.nih.gov/pmc/articles/PMC5591006","PhylopythiaS","[25]",1,"Software_Article"
"https://www.ncbi.nlm.nih.gov/pmc/articles/PMC5597179","Mplus","[51]",1,"Manual"
"https://www.ncbi.nlm.nih.gov/pmc/articles/PMC5614435","STATA","[46]",1,"Manual"
"https://www.ncbi.nlm.nih.gov/pmc/articles/PMC5624616","WFU pickatlas","[32,33]",2,"Software_Article"
"https://www.ncbi.nlm.nih.gov/pmc/articles/PMC5624616","WFU pickatlas","[32,33]",1,"Software_Article"
"https://www.ncbi.nlm.nih.gov/pmc/articles/PMC5624616","Talairach Daemon","[32,33]",2,"Application"
"https://www.ncbi.nlm.nih.gov/pmc/articles/PMC5624616","Talairach Daemon","[32,33]",1,"Software_Article"
"https://www.ncbi.nlm.nih.gov/pmc/articles/PMC5624616","DARTEL","[30]",1,"Software_Article"
"https://www.ncbi.nlm.nih.gov/pmc/articles/PMC5633173","Ctrax","[34–35]",2,"Software_Article"
"https://www.ncbi.nlm.nih.gov/pmc/articles/PMC5633173","Ctrax","[34–35]",1,"Unrelated"
"https://www.ncbi.nlm.nih.gov/pmc/articles/PMC5633173","MATLAB","[34–35]",2,"Unrelated"
"https://www.ncbi.nlm.nih.gov/pmc/articles/PMC5633173","MATLAB","[34–35]",1,"Direct"
"https://www.ncbi.nlm.nih.gov/pmc/articles/PMC5633175","R","[43]",1,"Direct"
"https://www.ncbi.nlm.nih.gov/pmc/articles/PMC5646767","MAXQDA","[88]",1,"Direct"
"https://www.ncbi.nlm.nih.gov/pmc/articles/PMC5659643","Stata","[30]",1,"Direct"
"https://www.ncbi.nlm.nih.gov/pmc/articles/PMC5665509","Psychopy","[34]",1,"Software_Article"
"https://www.ncbi.nlm.nih.gov/pmc/articles/PMC5690316","FigureJ","[33]",1,"Software_Article"
"https://www.ncbi.nlm.nih.gov/pmc/articles/PMC5706721","Psychtoolbox","[73]",1,"Software_Article"
"https://www.ncbi.nlm.nih.gov/pmc/articles/PMC5706721","Eyelink Toolbox","[74]",1,"Software_Article"
"https://www.ncbi.nlm.nih.gov/pmc/articles/PMC5747435","Excel","[20]",1,"Direct"
"https://www.ncbi.nlm.nih.gov/pmc/articles/PMC5749804","NumPy","[39]",1,"Application"
"https://www.ncbi.nlm.nih.gov/pmc/articles/PMC5912749","samtools","[77]",1,"Software_Article"
"https://www.ncbi.nlm.nih.gov/pmc/articles/PMC5912749","GNU R","[74]",1,"Manual"
"https://www.ncbi.nlm.nih.gov/pmc/articles/PMC5922558","PROCESS","[62]",1,"Book"
"https://www.ncbi.nlm.nih.gov/pmc/articles/PMC5922579","NeuroSynth","[22]",1,"Article_Error"
"https://www.ncbi.nlm.nih.gov/pmc/articles/PMC5922579","AFNI","[42]",1,"Software_Article"
"https://www.ncbi.nlm.nih.gov/pmc/articles/PMC5922579","BootES","[51]",1,"Software_Article"
"https://www.ncbi.nlm.nih.gov/pmc/articles/PMC5922579","PyMVPA","[45]",1,"Software_Article"
"https://www.ncbi.nlm.nih.gov/pmc/articles/PMC5922579","SUMA","[43]",1,"Software_Article"
"https://www.ncbi.nlm.nih.gov/pmc/articles/PMC5963780","PROCESS","[29]",1,"Book"
"https://www.ncbi.nlm.nih.gov/pmc/articles/PMC5967750","SPSS Statistics","[64]",1,"Direct"
"https://www.ncbi.nlm.nih.gov/pmc/articles/PMC5968553","TANRIC","[23]",1,"Software_Article"
"https://www.ncbi.nlm.nih.gov/pmc/articles/PMC6017189","Prediction of Activity Spectra for Substances","[49,50]",1,"Software_Article"
"https://www.ncbi.nlm.nih.gov/pmc/articles/PMC6017189","Prediction of Activity Spectra for Substances","[49,50]",2,"Unrelated"
"https://www.ncbi.nlm.nih.gov/pmc/articles/PMC6017189","MOE","[51]",1,"Article_Error"
"https://www.ncbi.nlm.nih.gov/pmc/articles/PMC6029841","CellProfiler","[5]",1,"Software_Article"
"https://www.ncbi.nlm.nih.gov/pmc/articles/PMC6034840","SAS","[17]",1,"Manual"
"https://www.ncbi.nlm.nih.gov/pmc/articles/PMC6042701","Inquisit","[65]",1,"Direct"
"https://www.ncbi.nlm.nih.gov/pmc/articles/PMC6049919","SPSS","[61]",1,"Direct"
"https://www.ncbi.nlm.nih.gov/pmc/articles/PMC6061979","NEURON","[25]",1,"Software_Article"
"https://www.ncbi.nlm.nih.gov/pmc/articles/PMC6070195","PROCESS","[51]",1,"Book"
"https://www.ncbi.nlm.nih.gov/pmc/articles/PMC6086460","Stata","[16]",1,"Direct"
"https://www.ncbi.nlm.nih.gov/pmc/articles/PMC6097700","MAGMA","[26]",1,"Software_Article"
"https://www.ncbi.nlm.nih.gov/pmc/articles/PMC6105007","Bioconductor","[14]",1,"Software_Article"
"https://www.ncbi.nlm.nih.gov/pmc/articles/PMC6105007","Rcpp","[16, 17]",2,"Book"
"https://www.ncbi.nlm.nih.gov/pmc/articles/PMC6105007","Rcpp","[16, 17]",1,"Software_Article"
"https://www.ncbi.nlm.nih.gov/pmc/articles/PMC6105007","Rhtslib","[18]",1,"Direct"
"https://www.ncbi.nlm.nih.gov/pmc/articles/PMC6105007","R","[13]",1,"Manual"
"https://www.ncbi.nlm.nih.gov/pmc/articles/PMC6110470","sickle","[25]",1,"Direct"
"https://www.ncbi.nlm.nih.gov/pmc/articles/PMC6110470","BWA-MEM","[27]",1,"Software_Article"
"https://www.ncbi.nlm.nih.gov/pmc/articles/PMC6110470","cutadapt","[24]",1,"Software_Article"
"https://www.ncbi.nlm.nih.gov/pmc/articles/PMC6114895","ggplot2","[5]",1,"Book"
"https://www.ncbi.nlm.nih.gov/pmc/articles/PMC6122792","R","[32]",1,"Website"
"https://www.ncbi.nlm.nih.gov/pmc/articles/PMC6147600","Nilearn","[30]",1,"Software_Article"
"https://www.ncbi.nlm.nih.gov/pmc/articles/PMC6169876","lme4","[38]",1,"Software_Article"
"https://www.ncbi.nlm.nih.gov/pmc/articles/PMC6169876","R","[37]",1,"Manual"
"https://www.ncbi.nlm.nih.gov/pmc/articles/PMC6197659","PROCESS","[38]",1,"Book"
"https://www.ncbi.nlm.nih.gov/pmc/articles/PMC6211744","SPSS","[48]",1,"Direct"
"https://www.ncbi.nlm.nih.gov/pmc/articles/PMC6269088","TensorFlow","[40]",1,"Software_Article"
"https://www.ncbi.nlm.nih.gov/pmc/articles/PMC6269088","PyRadiomics","[41]",1,"Software_Article"
"https://www.ncbi.nlm.nih.gov/pmc/articles/PMC6269088","irr","[42]",1,"Direct"
"https://www.ncbi.nlm.nih.gov/pmc/articles/PMC6287834","Stata","[36]",1,"Book"
"https://www.ncbi.nlm.nih.gov/pmc/articles/PMC6312331","R","[112]",1,"Direct"
"https://www.ncbi.nlm.nih.gov/pmc/articles/PMC6345421","SMARTPCA","[59]",1,"Software_Article"
"https://www.ncbi.nlm.nih.gov/pmc/articles/PMC6345421","IMPUTE","[62,63]",1,"Software_Article"
"https://www.ncbi.nlm.nih.gov/pmc/articles/PMC6345421","IMPUTE","[62,63]",2,"Software_Article"
"https://www.ncbi.nlm.nih.gov/pmc/articles/PMC6345421","DISSECT","[74]",1,"Software_Article"
"https://www.ncbi.nlm.nih.gov/pmc/articles/PMC6353544","G*Power","[47]",1,"Software_Article"
"https://www.ncbi.nlm.nih.gov/pmc/articles/PMC6353544","Open Data Kit","[48]",1,"Software_Article"
"https://www.ncbi.nlm.nih.gov/pmc/articles/PMC6353544","R","[54]",1,"Manual"
"https://www.ncbi.nlm.nih.gov/pmc/articles/PMC6411919","CIBERSORT","[30]",1,"Software_Article"
"https://www.ncbi.nlm.nih.gov/pmc/articles/PMC6719071","TopHat","[11]",1,"Software_Article"
"https://www.ncbi.nlm.nih.gov/pmc/articles/PMC6719071","HTSeq","[12]",1,"Software_Article"
"https://www.ncbi.nlm.nih.gov/pmc/articles/PMC6719071","skewer","[19]",1,"Software_Article"
"https://www.ncbi.nlm.nih.gov/pmc/articles/PMC6719071","DESeq","[13]",1,"Manual"
"https://www.ncbi.nlm.nih.gov/pmc/articles/PMC7072535","J-Express","[16]",1,"Software_Article"
"https://www.ncbi.nlm.nih.gov/pmc/articles/PMC7072535","Large Average Submatricies","[25]",1,"Software_Article"
"https://www.ncbi.nlm.nih.gov/pmc/articles/PMC7072535","GSEA","[19]",1,"Software_Article"
"https://www.ncbi.nlm.nih.gov/pmc/articles/PMC7519650","Polysolver","[42]",1,"Software_Article"
"https://www.ncbi.nlm.nih.gov/pmc/articles/PMC7519650","MuPeXI","[43]",1,"Software_Article"
"https://www.ncbi.nlm.nih.gov/pmc/articles/PMC7519650","NetMHCpan","[44]",1,"Software_Article"
"https://www.ncbi.nlm.nih.gov/pmc/articles/PMC7519650","Polyphen","[18]",1,"Software_Article"
"https://www.ncbi.nlm.nih.gov/pmc/articles/PMC7519650","MutationAssessor","[19]",1,"Software_Article"
"https://www.ncbi.nlm.nih.gov/pmc/articles/PMC7519650","ASCAT","[45]",1,"Software_Article"
"https://www.ncbi.nlm.nih.gov/pmc/articles/PMC7519650","tximport","[52]",1,"Software_Article"
"https://www.ncbi.nlm.nih.gov/pmc/articles/PMC7519650","edgeR","[53]",1,"Software_Article"
"https://www.ncbi.nlm.nih.gov/pmc/articles/PMC7519650","consensus MIBC","[15]",1,"Software_Article"
"https://www.ncbi.nlm.nih.gov/pmc/articles/PMC7519650","RTN","[54]",1,"Software_Article"
"https://www.ncbi.nlm.nih.gov/pmc/articles/PMC7519650","ChAMP","[59]",1,"Software_Article"
"https://www.ncbi.nlm.nih.gov/pmc/articles/PMC7641733","Bowtie","[53]",1,"Software_Article"
"https://www.ncbi.nlm.nih.gov/pmc/articles/PMC6017189","AMBER","[54]",1,"Article_Error"
"https://www.ncbi.nlm.nih.gov/pmc/articles/PMC6372264","HyPhy","Kosakovsky Pond et al. 2005; Delport et al. 2010",2,"Unrelated"
"https://www.ncbi.nlm.nih.gov/pmc/articles/PMC6372264","Datamonkey","Kosakovsky Pond et al. 2005; Delport et al. 2010",1,"Unrelated"
"https://www.ncbi.nlm.nih.gov/pmc/articles/PMC6372264","Datamonkey","Kosakovsky Pond et al. 2005; Delport et al. 2010",2,"Software_Article"
"https://www.ncbi.nlm.nih.gov/pmc/articles/PMC6017189","SAINT","[62]",1,"Direct"
"https://www.ncbi.nlm.nih.gov/pmc/articles/PMC6017189","Chimera","[53]",1,"Unrelated"
"https://www.ncbi.nlm.nih.gov/pmc/articles/PMC2987837","Mach","[16]",1,"Software_Article"
